{
  "total_samples": 20,
  "grid_sizes": {
    "10x10": 1,
    "12x12": 2,
    "12x11": 3,
    "11x12": 1,
    "5x7": 1,
    "6x5": 1,
    "9x12": 1,
    "8x8": 1,
    "7x8": 1,
    "5x5": 2,
    "12x10": 2,
    "8x10": 1,
    "11x11": 1,
    "7x6": 1,
    "7x7": 1
  },
  "checkpoint_counts": {
    "13": 2,
    "15": 4,
    "12": 3,
    "7": 1,
    "6": 2,
    "14": 2,
    "8": 1,
    "5": 2,
    "10": 3
  },
  "wall_densities": [
    0.289229422395311,
    0.2983652574102439,
    0.3370091760215391,
    0.2837206618000411,
    0.19764713006715484,
    0.30418503928779483,
    0.29339381857559826,
    0.06408492679989136,
    0.3181218526511999,
    0.09441726334947793,
    0.12893534567785572,
    0.13543898537620486,
    0.3262903235190373,
    0.32654448238824724,
    0.281645090966511,
    0.30196913842955025,
    0.31623816007477445,
    0.1548240962213882,
    0.13270816862664087,
    0.19541521299571907
  ],
  "sequence_lengths": [
    100,
    144,
    132,
    132,
    35,
    144,
    132,
    30,
    108,
    64,
    56,
    25,
    132,
    120,
    80,
    121,
    120,
    25,
    42,
    49
  ],
  "difficulty_levels": {
    "easy": 8,
    "medium": 3,
    "hard": 9
  },
  "avg_wall_density": 0.239009177631709,
  "avg_sequence_length": 89.55,
  "min_sequence_length": 25,
  "max_sequence_length": 144
}